{"filetype":"race course for editing","width":15,"length":100,"vision":8,"thinkTime":2000,"stepLimit":100,"x0":5,"x1":9,"obstacles":[[{"x":7,"y":2},{"x":11,"y":13},{"x":3,"y":9}],[{"x":7,"y":18},{"x":0,"y":23},{"x":0,"y":11}],[{"x":14,"y":16},{"x":6,"y":26},{"x":14,"y":28}],[{"x":0,"y":30},{"x":5,"y":36},{"x":3,"y":40},{"x":11,"y":44},{"x":0,"y":46}],[{"x":7,"y":47},{"x":14,"y":55},{"x":14,"y":46}],[{"x":5,"y":57},{"x":5,"y":50},{"x":9,"y":54}],[{"x":0,"y":60},{"x":10,"y":63},{"x":0,"y":68}],[{"x":9,"y":74},{"x":8,"y":77},{"x":14,"y":78},{"x":14,"y":66}],[{"x":0,"y":92},{"x":6,"y":91},{"x":11,"y":87},{"x":4,"y":86},{"x":0,"y":81}],[{"x":14,"y":98},{"x":10,"y":95},{"x":14,"y":91}]]}
